PLvl;EXP per lvl;Total EXP
1;7,200,000;7,200,000
2;8,640,000;15,840,000
3;10,080,000;25,920,000
4;11,520,000;37,440,000
5;12,960,000;50,400,000
6;14,400,000;64,800,000
7;15,840,000;80,640,000
8;17,280,000;97,920,000
9;18,720,000;116,640,000
10;20,160,000;136,800,000
11;21,600,000;158,400,000
12;23,040,000;181,440,000
13;24,480,000;205,920,000
14;25,920,000;231,840,000
15;27,360,000;259,200,000
16;28,800,000;288,000,000
17;30,240,000;318,240,000
18;31,680,000;349,920,000
19;33,120,000;383,040,000
20;34,560,000;417,600,000
21;36,000,000;453,600,000
22;37,440,000;491,040,000
23;38,880,000;529,920,000
24;40,320,000;570,240,000
25;41,760,000;612,000,000
26;43,200,000;655,200,000
27;44,640,000;699,840,000
28;46,080,000;745,920,000
29;47,520,000;793,440,000
30;48,960,000;842,400,000
31;50,400,000;892,800,000
32;51,840,000;944,640,000
33;53,280,000;997,920,000
34;54,720,000;1,052,640,000
35;56,160,000;1,108,800,000
36;57,600,000;1,166,400,000
37;59,040,000;1,225,440,000
38;60,480,000;1,285,920,000
39;61,920,000;1,347,840,000
40;63,360,000;1,411,200,000
41;64,800,000;1,476,000,000
42;66,240,000;1,542,240,000
43;67,680,000;1,609,920,000
44;69,120,000;1,679,040,000
45;70,560,000;1,749,600,000
46;72,000,000;1,821,600,000
47;73,440,000;1,895,040,000
48;74,880,000;1,969,920,000
49;76,320,000;2,046,240,000
50;77,760,000;2,124,000,000
51;79,200,000;2,203,200,000
52;80,640,000;2,283,840,000
53;82,080,000;2,365,920,000
54;83,520,000;2,449,440,000
55;84,960,000;2,534,400,000
56;86,400,000;2,620,800,000
57;87,840,000;2,708,640,000
58;89,280,000;2,797,920,000
59;90,720,000;2,888,640,000
60;92,160,000;2,980,800,000
61;95,040,000;3,075,840,000
62;97,920,000;3,173,760,000
63;100,800,000;3,274,560,000
64;103,680,000;3,378,240,000
65;106,560,000;3,484,800,000
66;109,440,000;3,594,240,000
67;112,320,000;3,706,560,000
68;115,200,000;3,821,760,000
69;118,080,000;3,939,840,000
70;120,960,000;4,060,800,000
71;126,000,000;4,186,800,000
72;131,040,000;4,317,840,000
73;136,080,000;4,453,920,000
74;139,740,000;4,593,660,000
75;140,760,000;4,734,420,000
76;141,780,000;4,876,200,000
77;142,800,000;5,019,000,000
78;143,820,000;5,162,820,000
79;144,840,000;5,307,660,000
80;145,860,000;5,453,520,000
81;146,880,000;5,600,400,000
82;147,900,000;5,748,300,000
83;148,920,000;5,897,220,000
84;149,940,000;6,047,160,000
85;150,960,000;6,198,120,000
86;151,980,000;6,350,100,000
87;153,000,000;6,503,100,000
88;154,020,000;6,657,120,000
89;155,040,000;6,812,160,000
90;156,060,000;6,968,220,000
91;157,080,000;7,125,300,000
92;158,100,000;7,283,400,000
93;159,120,000;7,442,520,000
94;160,140,000;7,602,660,000
95;161,160,000;7,763,820,000
96;162,180,000;7,926,000,000
97;163,200,000;8,089,200,000
98;164,220,000;8,253,420,000
99;165,240,000;8,418,660,000
100;166,260,000;8,584,920,000
101;167,280,000;8,752,200,000
102;168,300,000;8,920,500,000
103;169,320,000;9,089,820,000
104;170,340,000;9,260,160,000
105;171,360,000;9,431,520,000
106;172,380,000;9,603,900,000
107;173,400,000;9,777,300,000
108;174,420,000;9,951,720,000
109;175,440,000;10,127,160,000
110;176,460,000;10,303,620,000
111;177,480,000;10,481,100,000
112;178,500,000;10,659,600,000
113;179,520,000;10,839,120,000
114;180,540,000;11,019,660,000
115;181,560,000;11,201,220,000
116;182,580,000;11,383,800,000
117;183,600,000;11,567,400,000
118;184,620,000;11,752,020,000
119;185,640,000;11,937,660,000
120;186,660,000;12,124,320,000
121;187,680,000;12,312,000,000
122;188,700,000;12,500,700,000
123;189,720,000;12,690,420,000
124;190,740,000;12,881,160,000
125;191,760,000;13,072,920,000
126;192,780,000;13,265,700,000
127;193,800,000;13,459,500,000
128;194,820,000;13,654,320,000
129;195,840,000;13,850,160,000
130;196,860,000;14,047,020,000
131;197,880,000;14,244,900,000
132;198,900,000;14,443,800,000
133;199,920,000;14,643,720,000
134;200,940,000;14,844,660,000
135;201,960,000;15,046,620,000
136;202,980,000;15,249,600,000
137;204,000,000;15,453,600,000
138;205,020,000;15,658,620,000
139;206,040,000;15,864,660,000
140;207,060,000;16,071,720,000
141;208,080,000;16,279,800,000
142;209,100,000;16,488,900,000
143;210,120,000;16,699,020,000
144;211,140,000;16,910,160,000
145;212,160,000;17,122,320,000
146;213,180,000;17,335,500,000
147;214,200,000;17,549,700,000
148;215,220,000;17,764,920,000
149;216,240,000;17,981,160,000
150;218,280,000;18,199,440,000
151;220,320,000;18,419,760,000
152;222,360,000;18,642,120,000
153;224,400,000;18,866,520,000
154;226,440,000;19,092,960,000
155;228,480,000;19,321,440,000
156;230,520,000;19,551,960,000
157;232,560,000;19,784,520,000
158;234,600,000;20,019,120,000
159;236,640,000;20,255,760,000
160;238,680,000;20,494,440,000
161;240,720,000;20,735,160,000
162;242,760,000;20,977,920,000
163;244,800,000;21,222,720,000
164;246,840,000;21,469,560,000
165;248,880,000;21,718,440,000
166;250,920,000;21,969,360,000
167;252,960,000;22,222,320,000
168;255,000,000;22,477,320,000
169;257,040,000;22,734,360,000
170;259,080,000;22,993,440,000
171;261,120,000;23,254,560,000
172;263,160,000;23,517,720,000
173;265,200,000;23,782,920,000
174;267,240,000;24,050,160,000
175;269,280,000;24,319,440,000
176;271,320,000;24,590,760,000
177;273,360,000;24,864,120,000
178;275,400,000;25,139,520,000
179;277,440,000;25,416,960,000
180;279,480,000;25,696,440,000
181;281,520,000;25,977,960,000
182;283,560,000;26,261,520,000
183;285,600,000;26,547,120,000
184;287,640,000;26,834,760,000
185;289,680,000;27,124,440,000
186;291,720,000;27,416,160,000
187;293,760,000;27,709,920,000
188;295,800,000;28,005,720,000
189;297,840,000;28,303,560,000
190;299,880,000;28,603,440,000
191;301,920,000;28,905,360,000
192;303,960,000;29,209,320,000
193;306,000,000;29,515,320,000
194;308,040,000;29,823,360,000
195;310,080,000;30,133,440,000
196;312,120,000;30,445,560,000
197;314,160,000;30,759,720,000
198;316,200,000;31,075,920,000
199;318,240,000;31,394,160,000
200;320,280,000;31,714,440,000
201;322,320,000;32,036,760,000
202;324,360,000;32,361,120,000
203;326,400,000;32,687,520,000
204;328,440,000;33,015,960,000
205;330,480,000;33,346,440,000
206;332,520,000;33,678,960,000
207;334,560,000;34,013,520,000
208;336,600,000;34,350,120,000
209;338,640,000;34,688,760,000
210;340,680,000;35,029,440,000
211;342,720,000;35,372,160,000
212;344,760,000;35,716,920,000
213;346,800,000;36,063,720,000
214;348,840,000;36,412,560,000
215;350,880,000;36,763,440,000
216;352,920,000;37,116,360,000
217;354,960,000;37,471,320,000
218;357,000,000;37,828,320,000
219;359,040,000;38,187,360,000
220;361,080,000;38,548,440,000
221;363,120,000;38,911,560,000
222;365,160,000;39,276,720,000
223;367,200,000;39,643,920,000
224;369,240,000;40,013,160,000
225;371,280,000;40,384,440,000
226;373,320,000;40,757,760,000
227;375,360,000;41,133,120,000
228;377,400,000;41,510,520,000
229;379,440,000;41,889,960,000
230;381,480,000;42,271,440,000
231;383,520,000;42,654,960,000
232;385,560,000;43,040,520,000
233;387,600,000;43,428,120,000
234;389,640,000;43,817,760,000
235;391,680,000;44,209,440,000
236;393,720,000;44,603,160,000
237;395,760,000;44,998,920,000
238;397,800,000;45,396,720,000
239;399,840,000;45,796,560,000
240;401,880,000;46,198,440,000
241;403,920,000;46,602,360,000
242;405,960,000;47,008,320,000
243;408,000,000;47,416,320,000
244;410,040,000;47,826,360,000
245;412,080,000;48,238,440,000
246;414,120,000;48,652,560,000
247;416,160,000;49,068,720,000
248;418,200,000;49,486,920,000
249;420,240,000;49,907,160,000
250;422,280,000;50,329,440,000
251;426,360,000;50,755,800,000
252;430,440,000;51,186,240,000
253;434,520,000;51,620,760,000
254;438,600,000;52,059,360,000
255;442,680,000;52,502,040,000
256;446,760,000;52,948,800,000
257;450,840,000;53,399,640,000
258;454,920,000;53,854,560,000
259;459,000,000;54,313,560,000
260;463,080,000;54,776,640,000
261;467,160,000;55,243,800,000
262;471,240,000;55,715,040,000
263;475,320,000;56,190,360,000
264;479,400,000;56,669,760,000
265;483,480,000;57,153,240,000
266;487,560,000;57,640,800,000
267;491,640,000;58,132,440,000
268;495,720,000;58,628,160,000
269;499,800,000;59,127,960,000
270;503,880,000;59,631,840,000
271;507,960,000;60,139,800,000
272;512,040,000;60,651,840,000
273;516,120,000;61,167,960,000
274;520,200,000;61,688,160,000
275;524,280,000;62,212,440,000
276;528,360,000;62,740,800,000
277;532,440,000;63,273,240,000
278;536,520,000;63,809,760,000
279;540,600,000;64,350,360,000
280;544,680,000;64,895,040,000
281;548,760,000;65,443,800,000
282;552,840,000;65,996,640,000
283;556,920,000;66,553,560,000
284;561,000,000;67,114,560,000
285;565,080,000;67,679,640,000
286;569,160,000;68,248,800,000
287;573,240,000;68,822,040,000
288;577,320,000;69,399,360,000
289;581,400,000;69,980,760,000
290;585,480,000;70,566,240,000
291;589,560,000;71,155,800,000
292;593,640,000;71,749,440,000
293;597,720,000;72,347,160,000
294;601,800,000;72,948,960,000
295;605,880,000;73,554,840,000
296;609,960,000;74,164,800,000
297;614,040,000;74,778,840,000
298;618,120,000;75,396,960,000
299;622,200,000;76,019,160,000
300;626,280,000;76,645,440,000
301;630,360,000;77,275,800,000
302;634,440,000;77,910,240,000
303;638,520,000;78,548,760,000
304;642,600,000;79,191,360,000
305;646,680,000;79,838,040,000
306;650,760,000;80,488,800,000
307;654,840,000;81,143,640,000
308;658,920,000;81,802,560,000
309;663,000,000;82,465,560,000
310;667,080,000;83,132,640,000
311;671,160,000;83,803,800,000
312;675,240,000;84,479,040,000
313;679,320,000;85,158,360,000
314;683,400,000;85,841,760,000
315;687,480,000;86,529,240,000
316;691,560,000;87,220,800,000
317;695,640,000;87,916,440,000
318;699,720,000;88,616,160,000
319;703,800,000;89,319,960,000
320;707,880,000;90,027,840,000
321;711,960,000;90,739,800,000
322;716,040,000;91,455,840,000
323;720,120,000;92,175,960,000
324;724,200,000;92,900,160,000
325;728,280,000;93,628,440,000
326;732,360,000;94,360,800,000
327;736,440,000;95,097,240,000
328;740,520,000;95,837,760,000
329;744,600,000;96,582,360,000
330;748,680,000;97,331,040,000
331;752,760,000;98,083,800,000
332;756,840,000;98,840,640,000
333;760,920,000;99,601,560,000
334;765,000,000;100,366,560,000
335;769,080,000;101,135,640,000
336;773,160,000;101,908,800,000
337;777,240,000;102,686,040,000
338;781,320,000;103,467,360,000
339;785,400,000;104,252,760,000
340;789,480,000;105,042,240,000
341;793,560,000;105,835,800,000
342;797,640,000;106,633,440,000
343;801,720,000;107,435,160,000
344;805,800,000;108,240,960,000
345;809,880,000;109,050,840,000
346;813,960,000;109,864,800,000
347;818,040,000;110,682,840,000
348;822,120,000;111,504,960,000
349;826,200,000;112,331,160,000
350;830,280,000;113,161,440,000
351;836,400,000;113,997,840,000
352;842,520,000;114,840,360,000
353;848,640,000;115,689,000,000
354;854,760,000;116,543,760,000
355;860,880,000;117,404,640,000
356;867,000,000;118,271,640,000
357;873,120,000;119,144,760,000
358;879,240,000;120,024,000,000
359;885,360,000;120,909,360,000
360;891,480,000;121,800,840,000
361;897,600,000;122,698,440,000
362;903,720,000;123,602,160,000
363;909,840,000;124,512,000,000
364;915,960,000;125,427,960,000
365;922,080,000;126,350,040,000
366;928,200,000;127,278,240,000
367;934,320,000;128,212,560,000
368;940,440,000;129,153,000,000
369;946,560,000;130,099,560,000
370;952,680,000;131,052,240,000
371;958,800,000;132,011,040,000
372;964,920,000;132,975,960,000
373;971,040,000;133,947,000,000
374;977,160,000;134,924,160,000
375;983,280,000;135,907,440,000
376;989,400,000;136,896,840,000
377;995,520,000;137,892,360,000
378;1,001,640,000;138,894,000,000
379;1,007,760,000;139,901,760,000
380;1,013,880,000;140,915,640,000
381;1,020,000,000;141,935,640,000
382;1,026,120,000;142,961,760,000
383;1,032,240,000;143,994,000,000
384;1,038,360,000;145,032,360,000
385;1,044,480,000;146,076,840,000
386;1,050,600,000;147,127,440,000
387;1,056,720,000;148,184,160,000
388;1,062,840,000;149,247,000,000
389;1,068,960,000;150,315,960,000
390;1,075,080,000;151,391,040,000
391;1,081,200,000;152,472,240,000
392;1,087,320,000;153,559,560,000
393;1,093,440,000;154,653,000,000
394;1,099,560,000;155,752,560,000
395;1,105,680,000;156,858,240,000
396;1,111,800,000;157,970,040,000
397;1,117,920,000;159,087,960,000
398;1,124,040,000;160,212,000,000
399;1,130,160,000;161,342,160,000
400;1,136,280,000;162,478,440,000
401;1,142,400,000;163,620,840,000
402;1,148,520,000;164,769,360,000
403;1,154,640,000;165,924,000,000
404;1,160,760,000;167,084,760,000
405;1,166,880,000;168,251,640,000
406;1,173,000,000;169,424,640,000
407;1,179,120,000;170,603,760,000
408;1,185,240,000;171,789,000,000
409;1,191,360,000;172,980,360,000
410;1,197,480,000;174,177,840,000
411;1,203,600,000;175,381,440,000
412;1,209,720,000;176,591,160,000
413;1,215,840,000;177,807,000,000
414;1,221,960,000;179,028,960,000
415;1,228,080,000;180,257,040,000
416;1,234,200,000;181,491,240,000
417;1,240,320,000;182,731,560,000
418;1,246,440,000;183,978,000,000
419;1,252,560,000;185,230,560,000
420;1,258,680,000;186,489,240,000
421;1,264,800,000;187,754,040,000
422;1,270,920,000;189,024,960,000
423;1,277,040,000;190,302,000,000
424;1,283,160,000;191,585,160,000
425;1,289,280,000;192,874,440,000
426;1,295,400,000;194,169,840,000
427;1,301,520,000;195,471,360,000
428;1,307,640,000;196,779,000,000
429;1,313,760,000;198,092,760,000
430;1,319,880,000;199,412,640,000
431;1,326,000,000;200,738,640,000
432;1,332,120,000;202,070,760,000
433;1,338,240,000;203,409,000,000
434;1,344,360,000;204,753,360,000
435;1,350,480,000;206,103,840,000
436;1,356,600,000;207,460,440,000
437;1,362,720,000;208,823,160,000
438;1,368,840,000;210,192,000,000
439;1,374,960,000;211,566,960,000
440;1,381,080,000;212,948,040,000
441;1,387,200,000;214,335,240,000
442;1,393,320,000;215,728,560,000
443;1,399,440,000;217,128,000,000
444;1,405,560,000;218,533,560,000
445;1,411,680,000;219,945,240,000
446;1,417,800,000;221,363,040,000
447;1,423,920,000;222,786,960,000
448;1,430,040,000;224,217,000,000
449;1,436,160,000;225,653,160,000
450;1,444,320,000;227,097,480,000
451;1,452,480,000;228,549,960,000
452;1,460,640,000;230,010,600,000
453;1,468,800,000;231,479,400,000
454;1,476,960,000;232,956,360,000
455;1,485,120,000;234,441,480,000
456;1,493,280,000;235,934,760,000
457;1,501,440,000;237,436,200,000
458;1,509,600,000;238,945,800,000
459;1,517,760,000;240,463,560,000
460;1,525,920,000;241,989,480,000
461;1,534,080,000;243,523,560,000
462;1,542,240,000;245,065,800,000
463;1,550,400,000;246,616,200,000
464;1,558,560,000;248,174,760,000
465;1,566,720,000;249,741,480,000
466;1,574,880,000;251,316,360,000
467;1,583,040,000;252,899,400,000
468;1,591,200,000;254,490,600,000
469;1,599,360,000;256,089,960,000
470;1,607,520,000;257,697,480,000
471;1,615,680,000;259,313,160,000
472;1,623,840,000;260,937,000,000
473;1,632,000,000;262,569,000,000
474;1,640,160,000;264,209,160,000
475;1,648,320,000;265,857,480,000
476;1,656,480,000;267,513,960,000
477;1,664,640,000;269,178,600,000
478;1,672,800,000;270,851,400,000
479;1,680,960,000;272,532,360,000
480;1,689,120,000;274,221,480,000
481;1,697,280,000;275,918,760,000
482;1,705,440,000;277,624,200,000
483;1,713,600,000;279,337,800,000
484;1,721,760,000;281,059,560,000
485;1,729,920,000;282,789,480,000
486;1,738,080,000;284,527,560,000
487;1,746,240,000;286,273,800,000
488;1,754,400,000;288,028,200,000
489;1,762,560,000;289,790,760,000
490;1,770,720,000;291,561,480,000
491;1,778,880,000;293,340,360,000
492;1,787,040,000;295,127,400,000
493;1,795,200,000;296,922,600,000
494;1,803,360,000;298,725,960,000
495;1,811,520,000;300,537,480,000
496;1,819,680,000;302,357,160,000
497;1,827,840,000;304,185,000,000
498;1,836,000,000;306,021,000,000
499;1,844,160,000;307,865,160,000
500;1,852,320,000;309,717,480,000
501;1,872,720,000;311,590,200,000
502;1,893,120,000;313,483,320,000
503;1,913,520,000;315,396,840,000
504;1,933,920,000;317,330,760,000
505;1,954,320,000;319,285,080,000
506;1,974,720,000;321,259,800,000
507;1,995,120,000;323,254,920,000
508;2,015,520,000;325,270,440,000
509;2,035,920,000;327,306,360,000
510;2,056,320,000;329,362,680,000
511;2,076,720,000;331,439,400,000
512;2,097,120,000;333,536,520,000
513;2,117,520,000;335,654,040,000
514;2,137,920,000;337,791,960,000
515;2,158,320,000;339,950,280,000
516;2,178,720,000;342,129,000,000
517;2,199,120,000;344,328,120,000
518;2,219,520,000;346,547,640,000
519;2,239,920,000;348,787,560,000
520;2,260,320,000;351,047,880,000
521;2,280,720,000;353,328,600,000
522;2,301,120,000;355,629,720,000
523;2,321,520,000;357,951,240,000
524;2,341,920,000;360,293,160,000
525;2,362,320,000;362,655,480,000
526;2,382,720,000;365,038,200,000
527;2,403,120,000;367,441,320,000
528;2,423,520,000;369,864,840,000
529;2,443,920,000;372,308,760,000
530;2,464,320,000;374,773,080,000
531;2,484,720,000;377,257,800,000
532;2,505,120,000;379,762,920,000
533;2,525,520,000;382,288,440,000
534;2,545,920,000;384,834,360,000
535;2,566,320,000;387,400,680,000
536;2,586,720,000;389,987,400,000
537;2,607,120,000;392,594,520,000
538;2,627,520,000;395,222,040,000
539;2,647,920,000;397,869,960,000
540;2,668,320,000;400,538,280,000
541;2,688,720,000;403,227,000,000
542;2,709,120,000;405,936,120,000
543;2,729,520,000;408,665,640,000
544;2,749,920,000;411,415,560,000
545;2,770,320,000;414,185,880,000
546;2,790,720,000;416,976,600,000
547;2,811,120,000;419,787,720,000
548;2,831,520,000;422,619,240,000
549;2,851,920,000;425,471,160,000
550;2,872,320,000;428,343,480,000
551;2,913,120,000;431,256,600,000
552;2,953,920,000;434,210,520,000
553;2,994,720,000;437,205,240,000
554;3,035,520,000;440,240,760,000
555;3,076,320,000;443,317,080,000
556;3,117,120,000;446,434,200,000
557;3,157,920,000;449,592,120,000
558;3,198,720,000;452,790,840,000
559;3,239,520,000;456,030,360,000
560;3,280,320,000;459,310,680,000
561;3,321,120,000;462,631,800,000
562;3,361,920,000;465,993,720,000
563;3,402,720,000;469,396,440,000
564;3,443,520,000;472,839,960,000
565;3,484,320,000;476,324,280,000
566;3,525,120,000;479,849,400,000
567;3,565,920,000;483,415,320,000
568;3,606,720,000;487,022,040,000
569;3,647,520,000;490,669,560,000
570;3,688,320,000;494,357,880,000
571;3,729,120,000;498,087,000,000
572;3,769,920,000;501,856,920,000
573;3,810,720,000;505,667,640,000
574;3,851,520,000;509,519,160,000
575;3,892,320,000;513,411,480,000
576;3,933,120,000;517,344,600,000
577;3,973,920,000;521,318,520,000
578;4,014,720,000;525,333,240,000
579;4,055,520,000;529,388,760,000
580;4,096,320,000;533,485,080,000
581;4,137,120,000;537,622,200,000
582;4,177,920,000;541,800,120,000
583;4,218,720,000;546,018,840,000
584;4,259,520,000;550,278,360,000
585;4,300,320,000;554,578,680,000
586;4,341,120,000;558,919,800,000
587;4,381,920,000;563,301,720,000
588;4,422,720,000;567,724,440,000
589;4,463,520,000;572,187,960,000
590;4,504,320,000;576,692,280,000
591;4,545,120,000;581,237,400,000
592;4,585,920,000;585,823,320,000
593;4,626,720,000;590,450,040,000
594;4,667,520,000;595,117,560,000
595;4,708,320,000;599,825,880,000
596;4,749,120,000;604,575,000,000
597;4,789,920,000;609,364,920,000
598;4,830,720,000;614,195,640,000
599;4,871,520,000;619,067,160,000
600;4,912,320,000;623,979,480,000
601;4,973,520,000;628,953,000,000
602;5,034,720,000;633,987,720,000
603;5,095,920,000;639,083,640,000
604;5,157,120,000;644,240,760,000
605;5,218,320,000;649,459,080,000
606;5,279,520,000;654,738,600,000
607;5,340,720,000;660,079,320,000
608;5,401,920,000;665,481,240,000
609;5,463,120,000;670,944,360,000
610;5,524,320,000;676,468,680,000
611;5,585,520,000;682,054,200,000
612;5,646,720,000;687,700,920,000
613;5,707,920,000;693,408,840,000
614;5,769,120,000;699,177,960,000
615;5,830,320,000;705,008,280,000
616;5,891,520,000;710,899,800,000
617;5,952,720,000;716,852,520,000
618;6,013,920,000;722,866,440,000
619;6,075,120,000;728,941,560,000
620;6,136,320,000;735,077,880,000
621;6,197,520,000;741,275,400,000
622;6,258,720,000;747,534,120,000
623;6,319,920,000;753,854,040,000
624;6,381,120,000;760,235,160,000
625;6,442,320,000;766,677,480,000
626;6,503,520,000;773,181,000,000
627;6,564,720,000;779,745,720,000
628;6,625,920,000;786,371,640,000
629;6,687,120,000;793,058,760,000
630;6,748,320,000;799,807,080,000
631;6,809,520,000;806,616,600,000
632;6,870,720,000;813,487,320,000
633;6,931,920,000;820,419,240,000
634;6,993,120,000;827,412,360,000
635;7,054,320,000;834,466,680,000
636;7,115,520,000;841,582,200,000
637;7,176,720,000;848,758,920,000
638;7,237,920,000;855,996,840,000
639;7,299,120,000;863,295,960,000
640;7,360,320,000;870,656,280,000
641;7,421,520,000;878,077,800,000
642;7,482,720,000;885,560,520,000
643;7,543,920,000;893,104,440,000
644;7,605,120,000;900,709,560,000
645;7,666,320,000;908,375,880,000
646;7,727,520,000;916,103,400,000
647;7,788,720,000;923,892,120,000
648;7,849,920,000;931,742,040,000
649;7,911,120,000;939,653,160,000
650;7,972,320,000;947,625,480,000
651;8,053,920,000;955,679,400,000
652;8,135,520,000;963,814,920,000
653;8,217,120,000;972,032,040,000
654;8,298,720,000;980,330,760,000
655;8,380,320,000;988,711,080,000
656;8,461,920,000;997,173,000,000
657;8,543,520,000;1,005,716,520,000
658;8,625,120,000;1,014,341,640,000
659;8,706,720,000;1,023,048,360,000
660;8,788,320,000;1,031,836,680,000
661;8,869,920,000;1,040,706,600,000
662;8,951,520,000;1,049,658,120,000
663;9,033,120,000;1,058,691,240,000
664;9,114,720,000;1,067,805,960,000
665;9,196,320,000;1,077,002,280,000
666;9,277,920,000;1,086,280,200,000
667;9,359,520,000;1,095,639,720,000
668;9,441,120,000;1,105,080,840,000
669;9,522,720,000;1,114,603,560,000
670;9,604,320,000;1,124,207,880,000
671;9,685,920,000;1,133,893,800,000
672;9,767,520,000;1,143,661,320,000
673;9,849,120,000;1,153,510,440,000
674;9,930,720,000;1,163,441,160,000
675;10,012,320,000;1,173,453,480,000
676;10,093,920,000;1,183,547,400,000
677;10,175,520,000;1,193,722,920,000
678;10,257,120,000;1,203,980,040,000
679;10,338,720,000;1,214,318,760,000
680;10,420,320,000;1,224,739,080,000
681;10,501,920,000;1,235,241,000,000
682;10,583,520,000;1,245,824,520,000
683;10,665,120,000;1,256,489,640,000
684;10,746,720,000;1,267,236,360,000
685;10,828,320,000;1,278,064,680,000
686;10,909,920,000;1,288,974,600,000
687;10,991,520,000;1,299,966,120,000
688;11,073,120,000;1,311,039,240,000
689;11,154,720,000;1,322,193,960,000
690;11,236,320,000;1,333,430,280,000
691;11,317,920,000;1,344,748,200,000
692;11,399,520,000;1,356,147,720,000
693;11,481,120,000;1,367,628,840,000
694;11,562,720,000;1,379,191,560,000
695;11,644,320,000;1,390,835,880,000
696;11,725,920,000;1,402,561,800,000
697;11,807,520,000;1,414,369,320,000
698;11,889,120,000;1,426,258,440,000
699;11,970,720,000;1,438,229,160,000
700;12,052,320,000;1,450,281,480,000
701;12,154,320,000;1,462,435,800,000
702;12,256,320,000;1,474,692,120,000
703;12,358,320,000;1,487,050,440,000
704;12,460,320,000;1,499,510,760,000
705;12,562,320,000;1,512,073,080,000
706;12,664,320,000;1,524,737,400,000
707;12,766,320,000;1,537,503,720,000
708;12,868,320,000;1,550,372,040,000
709;12,970,320,000;1,563,342,360,000
710;13,072,320,000;1,576,414,680,000
711;13,174,320,000;1,589,589,000,000
712;13,276,320,000;1,602,865,320,000
713;13,378,320,000;1,616,243,640,000
714;13,480,320,000;1,629,723,960,000
715;13,582,320,000;1,643,306,280,000
716;13,684,320,000;1,656,990,600,000
717;13,786,320,000;1,670,776,920,000
718;13,888,320,000;1,684,665,240,000
719;13,990,320,000;1,698,655,560,000
720;14,092,320,000;1,712,747,880,000
721;14,194,320,000;1,726,942,200,000
722;14,296,320,000;1,741,238,520,000
723;14,398,320,000;1,755,636,840,000
724;14,500,320,000;1,770,137,160,000
725;14,602,320,000;1,784,739,480,000
726;14,704,320,000;1,799,443,800,000
727;14,806,320,000;1,814,250,120,000
728;14,908,320,000;1,829,158,440,000
729;15,010,320,000;1,844,168,760,000
730;15,112,320,000;1,859,281,080,000
731;15,214,320,000;1,874,495,400,000
732;15,316,320,000;1,889,811,720,000
733;15,418,320,000;1,905,230,040,000
734;15,520,320,000;1,920,750,360,000
735;15,622,320,000;1,936,372,680,000
736;15,724,320,000;1,952,097,000,000
737;15,826,320,000;1,967,923,320,000
738;15,928,320,000;1,983,851,640,000
739;16,030,320,000;1,999,881,960,000
740;16,132,320,000;2,016,014,280,000
741;16,234,320,000;2,032,248,600,000
742;16,336,320,000;2,048,584,920,000
743;16,438,320,000;2,065,023,240,000
744;16,540,320,000;2,081,563,560,000
745;16,642,320,000;2,098,205,880,000
746;16,744,320,000;2,114,950,200,000
747;16,846,320,000;2,131,796,520,000
748;16,948,320,000;2,148,744,840,000
749;17,050,320,000;2,165,795,160,000
750;17,152,320,000;2,182,947,480,000
751;17,274,720,000;2,200,222,200,000
752;17,397,120,000;2,217,619,320,000
753;17,519,520,000;2,235,138,840,000
754;17,641,920,000;2,252,780,760,000
755;17,764,320,000;2,270,545,080,000
756;17,886,720,000;2,288,431,800,000
757;18,009,120,000;2,306,440,920,000
758;18,131,520,000;2,324,572,440,000
759;18,253,920,000;2,342,826,360,000
760;18,376,320,000;2,361,202,680,000
761;18,498,720,000;2,379,701,400,000
762;18,621,120,000;2,398,322,520,000
763;18,743,520,000;2,417,066,040,000
764;18,865,920,000;2,435,931,960,000
765;18,988,320,000;2,454,920,280,000
766;19,110,720,000;2,474,031,000,000
767;19,233,120,000;2,493,264,120,000
768;19,355,520,000;2,512,619,640,000
769;19,477,920,000;2,532,097,560,000
770;19,600,320,000;2,551,697,880,000
771;19,722,720,000;2,571,420,600,000
772;19,845,120,000;2,591,265,720,000
773;19,967,520,000;2,611,233,240,000
774;20,089,920,000;2,631,323,160,000
775;20,212,320,000;2,651,535,480,000
776;20,334,720,000;2,671,870,200,000
777;20,457,120,000;2,692,327,320,000
778;20,579,520,000;2,712,906,840,000
779;20,701,920,000;2,733,608,760,000
780;20,824,320,000;2,754,433,080,000
781;20,946,720,000;2,775,379,800,000
782;21,069,120,000;2,796,448,920,000
783;21,191,520,000;2,817,640,440,000
784;21,313,920,000;2,838,954,360,000
785;21,436,320,000;2,860,390,680,000
786;21,558,720,000;2,881,949,400,000
787;21,681,120,000;2,903,630,520,000
788;21,803,520,000;2,925,434,040,000
789;21,925,920,000;2,947,359,960,000
790;22,048,320,000;2,969,408,280,000
791;22,170,720,000;2,991,579,000,000
792;22,293,120,000;3,013,872,120,000
793;22,415,520,000;3,036,287,640,000
794;22,537,920,000;3,058,825,560,000
795;22,660,320,000;3,081,485,880,000
796;22,782,720,000;3,104,268,600,000
797;22,905,120,000;3,127,173,720,000
798;23,027,520,000;3,150,201,240,000
799;23,149,920,000;3,173,351,160,000
800;23,272,320,000;3,196,623,480,000
801;23,394,720,000;3,220,018,200,000
802;23,517,120,000;3,243,535,320,000
803;23,639,520,000;3,267,174,840,000
804;23,761,920,000;3,290,936,760,000
805;23,884,320,000;3,314,821,080,000
806;24,006,720,000;3,338,827,800,000
807;24,129,120,000;3,362,956,920,000
808;24,251,520,000;3,387,208,440,000
809;24,373,920,000;3,411,582,360,000
810;24,496,320,000;3,436,078,680,000
811;24,618,720,000;3,460,697,400,000
812;24,741,120,000;3,485,438,520,000
813;24,863,520,000;3,510,302,040,000
814;24,985,920,000;3,535,287,960,000
815;25,108,320,000;3,560,396,280,000
816;25,230,720,000;3,585,627,000,000
817;25,353,120,000;3,610,980,120,000
818;25,475,520,000;3,636,455,640,000
819;25,597,920,000;3,662,053,560,000
820;25,720,320,000;3,687,773,880,000
821;25,842,720,000;3,713,616,600,000
822;25,965,120,000;3,739,581,720,000
823;26,087,520,000;3,765,669,240,000
824;26,209,920,000;3,791,879,160,000
825;26,332,320,000;3,818,211,480,000
826;26,454,720,000;3,844,666,200,000
827;26,577,120,000;3,871,243,320,000
828;26,699,520,000;3,897,942,840,000
829;26,821,920,000;3,924,764,760,000
830;26,944,320,000;3,951,709,080,000
831;27,066,720,000;3,978,775,800,000
832;27,189,120,000;4,005,964,920,000
833;27,311,520,000;4,033,276,440,000
834;27,433,920,000;4,060,710,360,000
835;27,556,320,000;4,088,266,680,000
836;27,678,720,000;4,115,945,400,000
837;27,801,120,000;4,143,746,520,000
838;27,923,520,000;4,171,670,040,000
839;28,045,920,000;4,199,715,960,000
840;28,168,320,000;4,227,884,280,000
841;28,290,720,000;4,256,175,000,000
842;28,413,120,000;4,284,588,120,000
843;28,535,520,000;4,313,123,640,000
844;28,657,920,000;4,341,781,560,000
845;28,780,320,000;4,370,561,880,000
846;28,902,720,000;4,399,464,600,000
847;29,025,120,000;4,428,489,720,000
848;29,147,520,000;4,457,637,240,000
849;29,269,920,000;4,486,907,160,000
850;29,392,320,000;4,516,299,480,000
851;29,514,720,000;4,545,814,200,000
852;29,637,120,000;4,575,451,320,000
853;29,759,520,000;4,605,210,840,000
854;29,881,920,000;4,635,092,760,000
855;30,004,320,000;4,665,097,080,000
856;30,126,720,000;4,695,223,800,000
857;30,249,120,000;4,725,472,920,000
858;30,371,520,000;4,755,844,440,000
859;30,493,920,000;4,786,338,360,000
860;30,616,320,000;4,816,954,680,000
861;30,738,720,000;4,847,693,400,000
862;30,861,120,000;4,878,554,520,000
863;30,983,520,000;4,909,538,040,000
864;31,105,920,000;4,940,643,960,000
865;31,228,320,000;4,971,872,280,000
866;31,350,720,000;5,003,223,000,000
867;31,473,120,000;5,034,696,120,000
868;31,595,520,000;5,066,291,640,000
869;31,717,920,000;5,098,009,560,000
870;31,840,320,000;5,129,849,880,000
871;31,962,720,000;5,161,812,600,000
872;32,085,120,000;5,193,897,720,000
873;32,207,520,000;5,226,105,240,000
874;32,329,920,000;5,258,435,160,000
875;32,452,320,000;5,290,887,480,000
876;32,574,720,000;5,323,462,200,000
877;32,697,120,000;5,356,159,320,000
878;32,819,520,000;5,388,978,840,000
879;32,941,920,000;5,421,920,760,000
880;33,064,320,000;5,454,985,080,000
881;33,186,720,000;5,488,171,800,000
882;33,309,120,000;5,521,480,920,000
883;33,431,520,000;5,554,912,440,000
884;33,553,920,000;5,588,466,360,000
885;33,676,320,000;5,622,142,680,000
886;33,798,720,000;5,655,941,400,000
887;33,921,120,000;5,689,862,520,000
888;34,043,520,000;5,723,906,040,000
889;34,165,920,000;5,758,071,960,000
890;34,288,320,000;5,792,360,280,000
891;34,410,720,000;5,826,771,000,000
892;34,533,120,000;5,861,304,120,000
893;34,655,520,000;5,895,959,640,000
894;34,777,920,000;5,930,737,560,000
895;34,900,320,000;5,965,637,880,000
896;35,022,720,000;6,000,660,600,000
897;35,145,120,000;6,035,805,720,000
898;35,267,520,000;6,071,073,240,000
899;35,389,920,000;6,106,463,160,000
900;35,512,320,000;6,141,975,480,000
901;35,634,720,000;6,177,610,200,000
902;35,757,120,000;6,213,367,320,000
903;35,879,520,000;6,249,246,840,000
904;36,001,920,000;6,285,248,760,000
905;36,124,320,000;6,321,373,080,000
906;36,246,720,000;6,357,619,800,000
907;36,369,120,000;6,393,988,920,000
908;36,491,520,000;6,430,480,440,000
909;36,613,920,000;6,467,094,360,000
910;36,736,320,000;6,503,830,680,000
911;36,858,720,000;6,540,689,400,000
912;36,981,120,000;6,577,670,520,000
913;37,103,520,000;6,614,774,040,000
914;37,225,920,000;6,651,999,960,000
915;37,348,320,000;6,689,348,280,000
916;37,470,720,000;6,726,819,000,000
917;37,593,120,000;6,764,412,120,000
918;37,715,520,000;6,802,127,640,000
919;37,837,920,000;6,839,965,560,000
920;37,960,320,000;6,877,925,880,000
921;38,082,720,000;6,916,008,600,000
922;38,205,120,000;6,954,213,720,000
923;38,327,520,000;6,992,541,240,000
924;38,449,920,000;7,030,991,160,000
925;38,572,320,000;7,069,563,480,000
926;38,694,720,000;7,108,258,200,000
927;38,817,120,000;7,147,075,320,000
928;38,939,520,000;7,186,014,840,000
929;39,061,920,000;7,225,076,760,000
930;39,184,320,000;7,264,261,080,000
931;39,306,720,000;7,303,567,800,000
932;39,429,120,000;7,342,996,920,000
933;39,551,520,000;7,382,548,440,000
934;39,673,920,000;7,422,222,360,000
935;39,796,320,000;7,462,018,680,000
936;39,918,720,000;7,501,937,400,000
937;40,041,120,000;7,541,978,520,000
938;40,163,520,000;7,582,142,040,000
939;40,285,920,000;7,622,427,960,000
940;40,408,320,000;7,662,836,280,000
941;40,530,720,000;7,703,367,000,000
942;40,653,120,000;7,744,020,120,000
943;40,775,520,000;7,784,795,640,000
944;40,897,920,000;7,825,693,560,000
945;41,020,320,000;7,866,713,880,000
946;41,142,720,000;7,907,856,600,000
947;41,265,120,000;7,949,121,720,000
948;41,387,520,000;7,990,509,240,000
949;41,509,920,000;8,032,019,160,000
950;41,632,320,000;8,073,651,480,000
951;41,754,720,000;8,115,406,200,000
952;41,877,120,000;8,157,283,320,000
953;41,999,520,000;8,199,282,840,000
954;42,121,920,000;8,241,404,760,000
955;42,244,320,000;8,283,649,080,000
956;42,366,720,000;8,326,015,800,000
957;42,489,120,000;8,368,504,920,000
958;42,611,520,000;8,411,116,440,000
959;42,733,920,000;8,453,850,360,000
960;42,856,320,000;8,496,706,680,000
961;42,978,720,000;8,539,685,400,000
962;43,101,120,000;8,582,786,520,000
963;43,223,520,000;8,626,010,040,000
964;43,345,920,000;8,669,355,960,000
965;43,468,320,000;8,712,824,280,000
966;43,590,720,000;8,756,415,000,000
967;43,713,120,000;8,800,128,120,000
968;43,835,520,000;8,843,963,640,000
969;43,957,920,000;8,887,921,560,000
970;44,080,320,000;8,932,001,880,000
971;44,202,720,000;8,976,204,600,000
972;44,325,120,000;9,020,529,720,000
973;44,447,520,000;9,064,977,240,000
974;44,569,920,000;9,109,547,160,000
975;44,692,320,000;9,154,239,480,000
976;44,814,720,000;9,199,054,200,000
977;44,937,120,000;9,243,991,320,000
978;45,059,520,000;9,289,050,840,000
979;45,181,920,000;9,334,232,760,000
980;45,304,320,000;9,379,537,080,000
981;45,426,720,000;9,424,963,800,000
982;45,549,120,000;9,470,512,920,000
983;45,671,520,000;9,516,184,440,000
984;45,793,920,000;9,561,978,360,000
985;45,916,320,000;9,607,894,680,000
986;46,038,720,000;9,653,933,400,000
987;46,161,120,000;9,700,094,520,000
988;46,283,520,000;9,746,378,040,000
989;46,405,920,000;9,792,783,960,000
990;46,528,320,000;9,839,312,280,000
991;46,650,720,000;9,885,963,000,000
992;46,773,120,000;9,932,736,120,000
993;46,895,520,000;9,979,631,640,000
994;47,017,920,000;10,026,649,560,000
995;47,140,320,000;10,073,789,880,000
996;47,262,720,000;10,121,052,600,000
997;47,385,120,000;10,168,437,720,000
998;47,507,520,000;10,215,945,240,000
999;47,629,920,000;10,263,575,160,000
1000;47,752,320,000;10,311,327,480,000
